,id,entropy,KL_div,norm_entropy_diff
0,5,4.745200958036631,11.080588695489691,0.358507150835894
1,38,3.170506267751909,11.501907774532445,0.5713865193531541
2,59,3.8301604345647915,12.121336009063597,0.4822093834059217
3,90,7.244140280670658,0.3063287760791711,0.020681267350445204
4,101,4.105300062745423,11.502266070922836,0.4450138872487738
5,110,4.831129002665556,10.231302813272322,0.34689073529109976
6,118,6.4735876973170505,4.878012795682956,0.12485050622937997
7,131,3.818710730275736,12.387512532445466,0.48375724270449005
8,203,4.435426425759954,10.803248634846108,0.4003848603504064
9,213,2.583413599386045,9.640076657450237,0.650754232519343
10,232,2.369472015973045,11.126535444283899,0.6796765051716419
11,236,5.028652988172803,10.293032112678066,0.320187920097005
12,251,2.733126150358563,11.445452679969147,0.6305149356532468
13,280,4.572494075420758,10.978814681711972,0.38185499873090656
14,292,3.739442047603573,11.096679945440167,0.4944733943588746
15,300,4.6366480443527225,11.046532926903883,0.3731821706084957
16,343,2.6437090072172698,12.006288351954446,0.6426030344345377
17,360,2.3002973518726053,10.211966199785351,0.6890280695745374
18,368,2.6547545013348968,12.163325394779815,0.6411098193832465
19,382,3.8257406544680093,11.83983396148967,0.4828068833541929
20,395,3.8344107741351214,11.053874041230426,0.4816347897343369
21,396,2.9652412009642353,11.573717226671246,0.5991358335954676
22,406,2.055085932167592,9.915138075533989,0.7221776397750858
23,407,4.644093061786284,10.20802234409075,0.3721756957536334
24,433,4.072037500726079,10.543455131685308,0.4495105768239852
25,496,3.1936455030409663,11.916434813810977,0.5682583791322608
26,501,6.909093867786572,2.185147891801984,0.06597542452185297
27,511,3.720665592367802,11.058438999151111,0.49701174033682466
28,515,2.402432664167864,11.122519179197777,0.675220630634868
29,526,3.4171161048549337,12.083941800289118,0.5380479003074876
30,542,4.433935438036523,11.853598551916981,0.4005864235657962
31,574,5.1245983826103725,9.592252747213237,0.3072172819752011
32,581,2.4052294380146804,10.983672874896534,0.674842541184215
33,596,4.691517233129289,10.311418641852132,0.36576453064954084
34,619,6.590319886145835,3.5292194344261354,0.10906974898365886
35,632,7.373100586160844,0.033513664158214745,0.0032474190204047977
36,673,4.209542138846935,10.669633004621824,0.4309216397354443
37,675,3.2725874985577392,10.158775883363845,0.5575863915661731
38,698,5.368658950907248,9.277070434467282,0.2742232927406223
39,714,3.995275214662676,10.168754856637012,0.459887894461453
40,715,2.342147886672239,10.555006183552226,0.6833703916289512
41,773,4.093315569399577,11.948991566208253,0.4466340434550551
42,774,3.809951983082485,10.734181005426901,0.48494131767661336
43,776,3.2166489123870496,11.907067768090045,0.5651486009095039
44,787,3.7679929012131566,11.54996664017846,0.4906136698519367
45,792,3.493074335449731,9.900310138923697,0.5277792810872213
46,795,4.476392332496454,10.347727656609647,0.3948467732465334
47,813,6.6780753027701305,3.733022369316953,0.09720629520420189
48,843,3.7731164929907615,11.664608064273956,0.4899210232145371
49,859,1.9289322433074734,10.058291573560872,0.7392320680311493
50,896,1.8352440831650998,11.187591659458818,0.7518975558185287
51,908,4.528504715676953,10.90750495639666,0.3878018195219557
52,942,3.3220246119521883,10.49390690489236,0.5509031014365647
53,945,2.0402808503405376,10.383758248759817,0.7241791048778987
54,951,4.46151612785413,11.246997783297012,0.39685785327984374
55,978,4.042050205924492,10.419851065468947,0.4535644905256619
56,984,4.526747658199354,10.54221951283997,0.3880393520980084
57,1000,3.9107504613601067,11.410199775922163,0.47131460226591937
58,1010,2.6214956383812833,11.213040708418632,0.6456060088902341
59,1027,6.011009892670703,7.454404641201156,0.1873853401567173
60,1043,3.5089821923700835,11.35170085734713,0.5256287343453286
61,1058,3.8436543533779917,11.100060273632888,0.48038517142787923
62,1060,3.959835926187547,11.831898176956447,0.46467885070067316
63,1144,6.811494638305357,2.4287442934638386,0.07916964081528288
64,1155,5.381444376342053,8.848418182291752,0.2724948603596802
65,1168,4.814553372042845,10.072479657086928,0.34913155683035324
66,1170,4.9361131643209015,10.837428393507974,0.3326981669314116
67,1173,5.299305590725275,8.022228277277687,0.2835990146574968
68,1189,5.122698813309084,9.059312267087407,0.30747408039829094
69,1206,2.32812152478473,11.634598103174884,0.6852665833667081
70,1208,4.022931659659295,11.680024345219472,0.45614908300635876
71,1239,4.398889302137691,11.08745436352548,0.40532423040869875
72,1254,2.937078960357846,9.923636561172554,0.6029430224005783
73,1262,1.8870001681737172,9.3433595145715,0.7449007692277465
74,1286,3.819040399337225,11.520928641658756,0.48371267549913755
75,1288,3.381553243751413,11.10172377576595,0.5428555620473107
76,1291,5.758447476867517,8.130245915031912,0.2215286746831419
77,1297,4.583726432521476,10.445643285091693,0.3803365221009201
78,1298,1.7895212012011417,9.446507607441543,0.7580787275080813
79,1311,5.746795240005499,7.965611033303417,0.22310391389637096
80,1318,3.6319088692489574,12.297059616947166,0.509010558447899
81,1321,3.7179931066264094,12.2411915789877,0.49737302756317336
82,1365,3.6505601092429254,11.727841985305162,0.5064891400316968
83,1369,3.448316652095027,10.87270037113667,0.5338299697874684
84,1374,2.546364858824661,10.705490545084238,0.6557627668998337
85,1430,4.850801933498448,10.503291680609571,0.3442311968304521
86,1448,2.481063532155393,10.416517486975366,0.664590703686856
87,1468,5.833153090293569,8.015080844033786,0.2114293939089386
88,1473,3.732741766036171,11.85020882892438,0.495379190077725
89,1522,2.8232456310135,10.683264340869538,0.6183318894721122
90,1535,3.6202878727605996,11.873950192030598,0.5105815743465655
91,1549,3.6969856213487775,11.058131401706218,0.5002129813825574
92,1554,2.8759607780386602,11.839391295113234,0.611205449483938
93,1584,4.216992924691579,11.121352754113376,0.4299143850622998
94,1655,4.762846040576127,11.577911839466617,0.3561217525414706
95,1669,5.108349792492823,10.18017819841339,0.3094138916576115
96,1677,2.147922117377741,11.747548393496647,0.7096273285274403
97,1713,1.9488655236910248,11.380472576229433,0.7365373335110497
98,1769,5.106192313015498,9.36522249213107,0.3097055563666853
99,1782,3.910596118004936,10.839676101199228,0.4713354675905987
100,1801,5.5166197710929445,8.527744087928667,0.2542208083474528
101,1852,4.665446762938509,11.564694554248925,0.36928893780313193
102,1855,4.8560860950382345,10.562372023240043,0.3435168431346703
103,1872,2.6716472548463024,10.672802564149386,0.638826126727005
104,1892,4.057890621965537,10.84701093030355,0.4514230609617769
105,1906,3.879323575035863,10.794240443700646,0.47556313104832043
106,1913,5.607545107105769,7.937925012051655,0.24192882042620703
107,1929,3.303625869882029,11.504862048336111,0.5533903852367655
108,1937,3.8220074205445247,11.612288779205995,0.48331157069775343
109,1955,3.8762504712614985,12.145910103860379,0.4759785769089757
110,1977,6.123582163090465,6.801111388982926,0.17216695275288332
111,1991,3.7022180097981696,11.471499794489908,0.49950562677228555
112,1993,4.367537440374953,11.675206067480293,0.4095626167924653
113,2016,2.784803238070629,11.484055726093716,0.623528828526051
114,2022,1.7058538626035558,7.816207249363661,0.7693895233823935
115,2025,4.073835608507002,10.298966090510321,0.44926749475144734
116,2070,4.755788786235119,10.51941619088198,0.3570758065919786
117,2088,4.008363447253473,10.179087551445534,0.45811852627463834
118,2089,3.3129732761914292,11.854357928146294,0.552126730786988
119,2093,5.047390106492475,9.942739730853651,0.3176548919866455
120,2145,2.6213646320382504,10.81332554946528,0.6456237193376932
121,2178,3.820788801965005,11.262243308527541,0.48347631295240895
122,2184,4.56310142927895,10.214840430086355,0.3831247690500106
123,2193,2.632100090802419,11.656845690760825,0.6441724172557348
124,2220,7.396255137957862,0.004718529130343263,0.00011720819588103572
125,2228,2.9026154471395316,11.387621165704019,0.607602065817734
126,2262,6.585827251681785,2.8811963263301124,0.10967709794697628
127,2266,4.144279356546319,9.996426410314637,0.43974436579755005
128,2289,4.276192759232614,10.871810563624805,0.42191129502130703
129,2312,6.141791732881893,6.417815916002242,0.1697052427197662
130,2333,4.410526345913558,10.419570545728735,0.4037510451139885
131,2340,3.4276416563179315,12.222310944796025,0.536624975112805
132,2342,3.8945415785188815,10.560291719048566,0.4735058440125886
133,2345,3.9498404096740294,10.526276303444636,0.46603012168452135
134,2359,2.373135665080399,11.01014518717555,0.6791812248399979
135,2381,6.0661489656806005,6.16018631467653,0.17993121516639823
136,2405,4.228435541196937,11.87757094797281,0.4283674839449756
137,2412,5.812577779198524,7.929250015201413,0.21421092309042555
138,2420,1.8936824189238783,11.230341867438398,0.7439974110537813
139,2462,3.833209246344796,11.085213659266588,0.48179722152434573
140,2506,5.4865072626415365,8.84297942421274,0.25829164939566096
141,2507,7.39242666817111,0.007504793847140385,0.0006347702576695575
142,2524,2.6676326334715648,11.021874174393545,0.6393688541956138
143,2525,6.977218064635996,1.2900090019892325,0.05676587038064435
144,2545,7.0672746906153865,0.8089315927522358,0.04459132137913511
145,2558,3.840961231925709,12.09802785365828,0.4807492483487194
146,2570,4.389121372091738,11.447110643459837,0.40664473449925825
147,2582,2.298029984713409,10.387300945196676,0.6893345897476378
148,2595,2.7418052072725505,12.408742089870799,0.6293416338274554
149,2637,4.6999781475374585,10.993796134556932,0.36462071900948007
150,2638,7.36310957748393,0.05154356367280871,0.004598080600147271
151,2641,3.056626135270961,11.667228680574423,0.5867817136335278
152,2685,5.295891259744173,9.070637836524416,0.28406059024268826
153,2702,5.561979040152977,8.334470777382744,0.24808879265356726
154,2749,4.56883567116498,10.98054661038885,0.3823495700230789
155,2754,3.5035327331761845,11.503093396098256,0.5263654342523741
156,2771,4.349995334669973,11.287530469398959,0.41193409388448743
157,2816,2.9327758283889938,10.9520253143144,0.6035247529556041
158,2874,4.414674268028175,10.16242128543879,0.4031902970236658
159,2925,4.576334646031164,11.21055595064843,0.38133580078648394
160,2934,5.427247608172735,9.65113289110397,0.2663028263556776
161,2941,4.481111322211701,11.001040532581172,0.3942088238352481
162,2945,3.8680764936885037,11.326248769484845,0.4770835982154861
163,2946,4.612742748627956,11.382438227604357,0.3764138727851167
164,2960,6.810606507674754,2.7694204142715924,0.07928970516107008
165,2968,3.3789580549585745,11.52292242590305,0.5432063996762244
166,2987,2.7775514889209267,10.940218258732234,0.6245091758842776
167,2996,4.597500675119764,11.144717900698172,0.37847441379242197
168,3035,3.9362805955430784,11.327032224938524,0.4678632418996446
169,3036,4.319300481402492,10.875684896293505,0.41608366079458464
170,3054,2.7039696441092453,10.392125356995589,0.6344565369533707
171,3086,3.1979555526151158,12.224678745588811,0.5676757134020187
172,3088,3.4883241448000684,11.548767050732852,0.5284214484813681
173,3095,1.2827407851771442,11.289472303179007,0.8265892112264182
174,3101,2.9623874772965477,12.207000451054608,0.5995216219619669
175,3102,6.972560542430138,1.5472499439920844,0.05739551014011982
176,3129,3.7168742411744806,11.778273103362626,0.4975242844209833
177,3155,2.163330023527577,10.092058486407346,0.7075443689851323
178,3160,2.4794313948044704,11.624835191321832,0.6648113485970989
179,3196,3.1225376679532406,11.437983472361648,0.5778712844932152
180,3205,4.251712798411455,11.680721058716934,0.4252206848561031
181,3206,4.221486707874197,11.508350954928115,0.42930688080635016
182,3224,4.560372849010037,10.994732726316768,0.38349363956705657
183,3257,2.0223181156685777,11.057380424131516,0.7266074458365632
184,3258,2.7459805247863636,11.393002255460296,0.6287771822158617
185,3290,3.8390557084732437,10.288088612540712,0.4810068516998695
186,3295,2.755489322462738,10.386119406789788,0.6274917096368317
187,3297,4.752419896036642,10.11905604995399,0.35753123914184387
188,3298,7.389179524123317,0.014178268156516658,0.0010737442242699155
189,3325,4.632689508347397,11.195932945759784,0.37371731602447095
190,3333,7.389793216153507,0.010934010575789748,0.0009907806043015874
191,3338,3.6915961638059795,10.75065396735736,0.5009415698038177
192,3339,3.7413729501208044,10.915191408670243,0.4942123600700867
193,3349,6.778120294567579,2.3637534366129795,0.08368144190498589
194,3368,3.180068203539483,12.364883772881115,0.5700938631545782
195,3371,3.1296058031743654,12.519969881297419,0.5769157594814457
196,3374,2.1598417097528433,10.139340840422479,0.7080159461347454
197,3479,6.562380035399235,4.312910900452979,0.11284687341298384
198,3494,3.6320658461181106,10.316559287953792,0.5089893371044962
199,3496,4.923404580256527,9.980193254578698,0.3344162113034818
200,3501,3.075719503872043,12.433595731920597,0.584200524863576
201,3502,4.241601877642042,10.77172388824075,0.42658755707698515
202,3507,5.624055399419862,7.318628849727569,0.2396968318232455
203,3533,3.118459793831451,10.54809048852567,0.5784225629558247
204,3553,4.190737011255935,11.587855823600695,0.4334638618634269
205,3554,7.120167500661845,0.899124850396208,0.03744086353402893
206,3555,3.9236688976174676,10.313021798411741,0.4695681884565223
207,3557,3.2495756557520163,11.21761430610891,0.5606973098890227
208,3574,4.0319288005727865,11.409601125490383,0.45493278013321037
209,3585,3.404901932901585,11.260354221880473,0.5396991062386639
210,3591,3.098800384032095,10.978054421190073,0.581080273538917
211,3597,2.3793610647724117,9.427119065238955,0.6783396273142174
212,3600,3.463568078181308,10.789613099410284,0.5317681644265523
213,3624,3.099599841251934,10.872174159674277,0.5809721967484346
214,3637,2.9515763674253033,11.500305483454731,0.6009831511438206
215,3657,6.25424986672703,5.186025773814985,0.15450228517803877
216,3687,4.401775916022505,11.483856322075882,0.4049339956890776
217,3702,4.4721509307531315,10.726848229006059,0.3954201586337561
218,3717,3.656088147349269,12.53321707282879,0.5057418172214542
219,3732,3.503645614741271,11.033790775521286,0.5263501740521327
220,3755,6.247738233448709,6.194009955693151,0.15538257796676616
221,3776,3.9365972761946866,11.415148912769684,0.4678204305676754
222,3783,4.0009801537729075,11.462221480292152,0.45911665680966673
223,3812,3.9037675104447147,11.317921831849045,0.472258611406502
224,3816,3.290816150306565,11.856578738510112,0.5551221018869404
225,3830,4.3058140667853095,11.315886077350969,0.41790685829755503
226,3872,3.2778211254923946,11.469190194680289,0.556878869527915
227,3916,2.874994693603942,10.740970944151417,0.611336052225959
228,3923,3.2319004096053385,9.84628294842357,0.5630867859324147
229,3961,3.299653346833738,10.090639376635139,0.5539274215290436
230,3965,2.6660612991903543,10.83343383338184,0.639581279278125
231,3976,2.7279317094022666,9.816795361546863,0.6312171602288417
232,4011,3.374625825822312,11.791788784762321,0.5437920638106688
233,4030,4.61356163983816,9.396982871736679,0.376303168757988
234,4037,4.5246278190290035,10.479698876547745,0.3883259283001932
235,4068,6.267361009038465,5.186304518859332,0.15272981987856313
236,4073,6.328114508096799,5.380769557611653,0.14451669348997187
237,4096,2.465935760149859,11.26243996659965,0.6666357925358116
238,4108,4.346204254956859,10.630558088993045,0.4124466012678586
239,4136,7.188287243593814,0.4725008433792163,0.028231911507719767
240,4172,7.396819197435955,0.0038333689754601902,4.095428695283825e-05
241,4177,5.1205931653376044,9.662862529804672,0.3077587381248037
242,4207,3.7456699013672132,10.30967941409178,0.4936314650727716
243,4211,3.8139995850536503,10.967819778473956,0.48439413163671186
244,4226,2.9081373626613387,10.400932798059985,0.6068555707056716
245,4249,3.429545863287352,10.638019603228031,0.5363675497339825
246,4265,3.8454430226880745,11.73511047840033,0.4801433653205964
247,4289,7.267321488000117,0.2705473045590461,0.017547453025542285
248,4309,4.6673205201962364,11.387466091713325,0.36903562885109154
249,4322,4.249563551143281,11.083363336595559,0.4255112366716766
250,4378,3.9238957906184733,11.812859482823725,0.46953751531138943
251,4383,4.618184554490496,11.021648649566789,0.3756782075144085
252,4394,4.611096646306305,11.793490844108309,0.37663640558776706
253,4396,4.934310204518759,9.997913984867445,0.3329419049375851
254,4438,3.7906142575036457,11.471854089882585,0.4875555405067158
255,4456,5.535372757735243,8.96600980882983,0.2516856350349021
256,4459,2.791622975097834,10.981516576711982,0.6226068838971892
257,4461,4.258247514817025,10.72044685354556,0.4243372715122722
258,4515,4.802394398829959,11.101003546782962,0.350775300570233
259,4519,5.5998995534347085,8.450436938385769,0.2429624053157108
260,4540,2.7875806180445135,11.052384412685557,0.6231533608886601
261,4556,2.386696217703769,12.335655265571102,0.677348004789776
262,4577,4.892555815624281,10.812114554512664,0.33858658513846485
263,4622,5.651958126194033,7.7769230827334095,0.23592472609872497
264,4634,3.189827434228839,11.78306453181907,0.5687745351101121
265,4636,2.937467891551587,12.126519741258813,0.6028904436832999
266,4656,4.37114646675595,11.614176372688942,0.4090747207820902
267,4695,3.716561694125164,12.698357296097882,0.4975665369407263
268,4742,3.9308341792538743,11.121917740489554,0.4685995304433739
269,4749,5.922492520920512,7.286394347520472,0.19935180090447094
270,4750,2.6374962182549466,11.062008817215101,0.6434429271446549
271,4789,5.220448024163044,9.853524355210299,0.29425958846659517
272,4792,3.2839743021281302,11.456835834119094,0.5560470356716938
273,4793,5.503105684230048,8.760183046446839,0.256047746797941
274,4836,5.118817009224372,9.532335676923008,0.3079988526016643
275,4857,4.284675819116199,9.292258161287874,0.42076448958514645
276,4859,4.363447593743948,11.636971945360814,0.4101155137911739
277,4877,6.644464901034084,3.3960886668479153,0.10175000843402635
278,4897,2.3490121704459375,10.28932953287612,0.6824424248274603
279,4919,3.6531620595123595,12.307674173486769,0.5061373883342485
280,4957,5.325144175780069,9.655485974841433,0.2801059555243328
281,4962,2.8524166602238044,12.304232151237617,0.6143883248461558
282,4985,3.345030878472114,10.185587183375542,0.5477929369590202
283,4996,4.4225940428524,11.060026282864635,0.40211964080453866
284,5006,4.54519562437162,10.818378482179629,0.38554541380418605
285,5027,4.0345696798341,10.861905982629104,0.45457576571451236
286,5029,4.88213928161346,10.990201016553721,0.33999477251347987
287,5035,4.78461557613981,9.273710977210119,0.3531787788893063
288,5040,3.981992235130399,11.591965267791185,0.4616835900412403
289,5071,3.147279043150218,12.194767365065715,0.5745265546476928
290,5078,4.143217899044421,10.02249105917019,0.43988786180608175
291,5095,2.779199722981069,11.163637542033175,0.624286354896783
292,5096,3.3803866428445177,12.222908433588664,0.5430132721519448
293,5106,4.449859787779503,9.933064928194504,0.39843364719698743
294,5138,6.091108022147554,7.537830873789696,0.17655705748856226
295,5145,5.790977221055352,8.25478832341963,0.21713105307213484
296,5192,4.630030614432306,11.521053722268453,0.3740767658029526
297,5195,2.6894385968366157,11.895941010208915,0.6364209559524164
298,5197,4.707838084154923,10.239761187750338,0.3635581521804721
299,5217,3.736338941349966,12.114212042737865,0.4948928961859814
300,5243,3.319931682706847,10.747548545821221,0.5511860397476217
301,5249,2.5822343542009314,11.944409285010567,0.6509136519749891
302,5254,5.541222723820381,8.22440262066694,0.2508947915185464
303,5262,7.364022197369737,0.04439053700344504,0.004474705608038932
304,5270,4.061048777837391,10.375618923935324,0.4509961171028643
305,5292,4.851477711546863,10.484666969053546,0.34413983994388103
306,5299,3.582913042149535,11.696911462746797,0.5156341920939996
307,5349,4.932995994009849,9.684896351684042,0.3331195700462323
308,5374,2.266330340514868,11.381181616505431,0.6936199920423438
309,5386,3.5167129275541,13.08011786822063,0.5245836339621871
310,5387,2.350420561007355,11.035479599312913,0.6822520277332236
311,5388,3.705892079156384,11.193926573731737,0.4990089377507941
312,5397,6.542709276418945,4.589291077488845,0.11550611826585254
313,5420,2.5929077941682594,12.04647888717384,0.6494707340721283
314,5432,4.979876596085415,9.84155661132033,0.3267818888264201
315,5435,3.3139377370573317,10.13685049386433,0.5519963475315165
316,5438,3.9679697505692717,10.658464454991776,0.4635792576121242
317,5451,2.5502903881510712,11.553211020452224,0.6552320835811829
318,5459,4.29462285701426,10.578400633744112,0.41941977231428706
319,5465,4.111814471639776,11.352202952171965,0.44413321923087223
320,5467,2.652018174116165,9.758429707558328,0.6414797371926949
321,5477,3.700410004220249,10.56691451207317,0.4997500469053298
322,5480,4.362839834204692,11.653569326766304,0.41019767541128055
323,5492,3.503659762858079,12.231102334820378,0.5263482614006262
324,5496,4.03810665988558,11.101458550268156,0.4540976094824106
325,5515,3.948213927271573,10.907831347652953,0.46625000211523315
326,5532,4.45173758272157,10.101877181247044,0.39817979239964896
327,5558,4.492466009577388,11.550203458288275,0.3926738096569242
328,5573,3.462593070570154,11.766399379869497,0.5318999734723582
329,5581,4.4614283682837765,10.675066521948844,0.39686971729515635
330,5619,5.981306875835962,6.944725664015268,0.191400822971163
331,5636,5.337890790466944,8.512672377507423,0.27838276987951155
332,5654,5.409366622617812,9.276187683735412,0.2687201158384471
333,5656,3.8740943768096816,11.5039976248261,0.4762700543796233
334,5667,4.470402054627693,10.765944481582974,0.3956565851915488
335,5679,5.4639344871901745,9.022413665135343,0.26134321120850923
336,5690,3.7001783931037355,11.160696332792195,0.4997813578816918
337,5700,3.241538878176063,11.803266538828929,0.5617837834421743
338,5703,2.9802681121864683,11.134060417302912,0.5971043798847958
339,5737,3.7644690656798216,11.234556056815961,0.49109004910673654
340,5744,3.4994270869660107,10.755481089632635,0.5269204671600034
341,5746,2.852243062930108,10.914598063767237,0.6144117930666854
342,5781,2.229948064741457,10.023222393071787,0.6985384285746116
343,5810,4.281821219685371,10.144152913396251,0.4211503963440589
344,5811,4.0821942025663045,10.756569660324992,0.4481375155649964
345,5812,5.351925724285234,9.8221453695893,0.2764854193220655
346,5829,4.52526760345567,11.075536408289143,0.3882394373089069
347,5842,3.3950918378095696,11.092880949332333,0.5410253105252262
348,5850,4.390179396357015,10.450598303737376,0.406501702622122
349,5856,5.3339921840102935,9.367037924293491,0.27890981355706346
350,5860,3.0570092374270867,11.289529922218764,0.5867299229304939
351,5874,3.796304019242382,11.314031162286229,0.48678635464901987
352,5875,2.687620490269312,10.789608288150085,0.6366667416150802
353,5885,3.508558678465373,10.826538368889143,0.5256859882200952
354,5890,1.7825497564512256,10.959771324504294,0.7590211811565067
355,5910,5.44019319473813,8.939592084328229,0.2645527421583221
356,5947,4.057809114366714,11.696571799586934,0.4514340797873778
357,5989,3.34444611273478,10.612236215169288,0.5478719900997097
358,6022,1.7882420416456912,10.018994408317353,0.7582516541586104
359,6033,5.269630890745712,9.269876529109151,0.28761066938114765
360,6042,4.950236450072802,9.453967594673465,0.33078887227842085
361,6058,3.4182687337143145,11.434412473432676,0.5378920790519556
362,6063,5.476415339349776,8.639430502416982,0.25965595339105074
363,6113,4.558086757692523,11.687496351816304,0.3838026910162344
364,6123,3.814720019720376,11.638981243979803,0.48429673772419235
365,6145,3.853115029233373,10.57589348798976,0.47910620432761175
366,6167,3.7679481390712306,11.391364333446663,0.490619721143381
367,6180,4.942481856879983,10.090716089727296,0.33183719797112843
368,6183,7.362137564561305,0.062128375976466116,0.004729484800869859
369,6222,2.845420184662586,10.97675559780046,0.6153341623526308
370,6242,3.0454812783759992,12.009184008869205,0.5882883613111076
371,6256,6.41968273772976,4.444544462541246,0.13213779425269578
372,6322,7.141249822178496,0.7142850357990685,0.034590792774895865
373,6364,3.7591083130801834,12.42677572967149,0.49181475697247645
374,6406,3.0393015982162503,10.534238225472047,0.5891237781180368
375,6431,4.556597411374905,10.752899685367408,0.38400403233373176
376,6443,3.415899132150508,12.125835030195924,0.5382124200600588
377,6458,3.894254773221225,11.136124719429366,0.4735446165638833
378,6493,7.274114914868745,0.17855063248075803,0.016629065206757974
379,6518,6.668577979061575,2.992960619899121,0.0984902166438022
380,6568,3.399496255542778,10.957348077091,0.5404298873797008
381,6575,1.6651599101648307,11.588936285907465,0.7748908456076313
382,6577,2.240757727339661,10.188875799094767,0.6970770950462853
383,6587,3.863512579743647,11.980641672329252,0.4777005832885561
384,6601,3.689953119899464,12.021723431450743,0.5011636891463309
385,6602,7.112651380291492,0.5931355787964405,0.03845695063206257
386,6613,6.025852352502968,6.9862883934129645,0.18537882200699013
387,6655,7.396515286690925,0.0027953167200751514,8.203928449985228e-05
388,6670,3.067954969419165,10.382300718223958,0.5852501944924616
389,6677,4.1838534984976326,11.297291971676362,0.43439442818730456
390,6678,7.3028148189406386,0.20522874846968453,0.012749190909203874
391,6692,4.9022608426961,10.681268702771701,0.33727458475690636
392,6693,4.145343518279004,11.246782486186213,0.43960050421025193
393,6695,6.951731948583491,1.8419883390522926,0.060211280036679804
394,6716,5.149652201911344,9.787274956180168,0.3038303135268779
395,6724,2.4990665796708837,10.441063923533015,0.6621569129272066
396,6759,5.9727910647929425,7.356081879299206,0.19255205596155464
397,6765,4.15665350211522,11.351278482143158,0.4380715333996888
398,6771,2.8908606567171873,11.864878455352908,0.609191169011896
399,6797,5.847880902042673,8.564867090583839,0.20943837477098529
400,6800,3.5996065662199386,11.187211003714935,0.5133774328095744
401,6801,4.624721646960046,10.89424558060481,0.3747944729559303
402,6822,7.392735590478237,0.007181499789933245,0.0005930077585210912
403,6824,4.636021893139555,11.25827852053553,0.3732668185568744
404,6836,3.2667395074091696,12.514622940514737,0.5583769680953774
405,6850,5.132636416625395,9.751502646546967,0.3061306385669294
406,6860,3.643972081898217,10.819976433880285,0.507379760359287
407,6887,3.9761967185096725,10.266859235905743,0.4624670726592127
408,6899,4.639996959158312,10.220287063160743,0.3727294384862434
409,6911,6.554362572436134,4.538736777134518,0.11393073586786183
410,6948,3.8237973656935056,12.458910329400254,0.48306959211273215
411,6973,2.5066152846121748,11.84445977372527,0.661136420795659
412,6994,6.85557238669907,1.555230791806021,0.07321087096509707
413,7016,5.096580807998565,10.023371839502962,0.31100491371584554
414,7019,4.041316523657491,10.275192676035704,0.4536636753509205
415,7028,6.326515510940331,4.317912080907099,0.14473285825323037
416,7047,3.466316354754415,11.512128215770128,0.5313966312112546
417,7072,5.450628042586752,8.587095816908406,0.2631420789775206
418,7105,5.379307864057633,9.442718413503615,0.27278369056196805
419,7127,3.9844378856727465,10.884543027665739,0.4613529681459098
420,7128,2.5243927515072224,10.168313882189892,0.6587331257634201
421,7139,2.9164652091241994,10.932303696421485,0.6057297482163598
422,7150,4.177486782485322,10.2572147239855,0.43525512994275684
423,7170,4.455191701004193,10.95439658560403,0.3977128380602934
424,7182,6.482152936643608,3.647274641489724,0.1236925911425468
425,7187,4.5051159728193255,10.920431579298722,0.3909636900995748
426,7189,3.301064153786024,12.216388883664267,0.5537366977684598
427,7198,3.052252463927303,12.471046448521722,0.5873729802450711
428,7208,3.094393759196884,10.539848451824819,0.5816759950575071
429,7239,3.857796396611034,10.819034329256915,0.4784733409939749
430,7260,2.3869142940698866,10.410796222950783,0.67731852354532
431,7261,7.036284173381803,0.5398863698618825,0.04878085842362441
432,7265,3.494373608243197,12.320907584973082,0.5276036353741119
433,7288,4.4909519849800805,10.688454553128006,0.39287848717453
434,7345,2.165020427279595,9.193045337275404,0.707315847173578
435,7363,7.230794257674496,0.40276138240705667,0.022485485631721074
436,7365,4.166255661303063,11.441733372944597,0.4367734394917577
437,7384,6.268725200891841,6.167195884926542,0.15254539790643437
438,7426,4.490123189725149,10.764867413585117,0.3929905301067812
439,7449,2.4606510064036202,12.226885362562534,0.6673502262906275
440,7473,7.367865693981495,0.08427160264100013,0.003955112104195161
441,7499,4.751771006892843,9.85936298062761,0.3576189609789859
442,7502,4.0588535640642585,11.50630837586146,0.4512928830249622
443,7524,7.395979679601167,0.004209868007675031,0.0001544467802160383
444,7531,4.377398916518578,10.935459042453788,0.4082294664192184
445,7535,1.3746398630225927,9.904490129307485,0.8141655853770668
446,7551,5.282197589435777,8.053924906904086,0.2859118061678578
447,7557,2.2651374872026966,9.804964140955292,0.6937812511495188
448,7575,5.375082207107447,9.331799857059693,0.27335494744666844
449,7605,4.798672351382082,11.280632290101977,0.35127847563977743
450,7622,6.329129078429244,5.887511644472856,0.1443795360504886
451,7669,4.353215107509024,10.784160873889938,0.4114988201689062
452,7670,2.591528064924618,11.26362192254329,0.6496572565084604
453,7687,4.306880298898838,10.378698836351488,0.41776271682021276
454,7699,1.9873669343746956,11.42510253973882,0.7313324159839056
455,7718,3.2744880355325217,11.949327900540512,0.5573294623255199
456,7724,7.3677947383698825,0.04737634326820903,0.003964704430813094
457,7735,3.933970456218132,10.995733110183835,0.468175544343868
458,7740,4.7193963403877,11.291670666900956,0.3619956179932581
459,7742,6.768948445638273,2.81892059424514,0.08492136315464305
460,7752,4.815985850177823,9.819537903633409,0.34893790339221675
461,7762,3.830654604796612,11.625390538677777,0.4821425776641236
462,7767,3.770066018361973,11.10858390676834,0.49033340989283153
463,7776,2.208576530225177,12.129423866936751,0.7014275973767544
464,7782,4.47584120903384,11.00404192816696,0.39492127836515745
465,7789,3.1869442397002645,11.92949162809849,0.569164307574795
466,7796,2.9939466249014144,12.06428250696477,0.5952552130799682
467,7804,2.234704038522538,10.227275789771031,0.6978954793721741
468,7822,3.845767185353144,11.577377756861322,0.4800995425123641
469,7844,2.477201621430109,11.477464885533426,0.6651127865525318
470,7869,3.551675332886725,11.16546001378056,0.5198571464627544
471,7884,6.320290868556141,3.916646331505503,0.14557435340030078
472,7891,5.211276975778858,9.336606799051037,0.2954994014923911
473,7899,3.1222303701095684,10.891144947362065,0.5779128273848699
474,7902,3.9759395241014857,10.518871250649926,0.46250184218218043
475,7907,3.220568781086052,10.931763644939613,0.5646186828381073
476,7948,3.3787457744403215,12.50919965754506,0.5432350973932821
477,7973,4.046838425067197,11.855900178810927,0.4529171821466409
478,7986,5.147404199235134,9.732077178013075,0.30413421585987566
479,7987,3.7759275762669726,11.515096664654195,0.4895409993048984
480,8002,3.7132658061503703,12.049205892818708,0.4980121004871753
481,8009,3.89843230183052,12.533340079018503,0.4729798660393555
482,8013,3.50996238672342,11.639233260714184,0.5254962241157267
483,8029,4.362292911080548,10.113093440302094,0.41027161269576723
484,8042,5.164786386545781,9.477077331510678,0.3017843577693082
485,8046,4.345665695075948,11.590013653212004,0.4125194079446477
486,8068,4.94685937860552,10.896681082237446,0.3312454108352777
487,8080,2.9519439645644896,10.141304576390427,0.6009334565285143
488,8089,4.204919859723646,11.769714713108613,0.43154651506330755
489,8161,3.512636911004477,11.594949297624954,0.5251346613038699
490,8167,4.936119485034233,9.675981073033327,0.3326973124486532
491,8171,3.627356745237813,11.946301952440761,0.5096259496668339
492,8191,2.77875722686837,11.019205359601088,0.6243461749327709
